FIRST_NAME,SALARY
Nancy,12000
Den,11000
John,14000
Karen,13500
Alberto,12000
Gerald,11000
Eleni,10500
Peter,10000
Janette,10000
Clara,10500
Lisa,11500
Harrison,10000
Ellen,11000
Michael,13000
Hermann,10000
Shelley,12000
